{"accuracy": [0.3793363571166992, 0.375, 0.6040723919868469, 0.65625, 0.7126696705818176, 0.78125, 0.7911010384559631, 0.9375, 0.8212669491767883, 0.75], "loss": [1.710290551185608, 1.396454095840454, 1.0455408096313477, 0.9026991128921509, 0.8023908734321594, 0.6472389698028564, 0.6080814599990845, 0.513970136642456, 0.5062668323516846, 0.5590518712997437], "val_accuracy": [0.6354166865348816, 0.5, 0.7604166865348816, 0.6666666865348816, 0.796875, 0.8333333134651184, 0.8229166865348816, 0.6666666865348816, 0.8645833134651184, 1.0], "val_loss": [1.1269192695617676, 1.0820437669754028, 0.8297258019447327, 0.9488411545753479, 0.6206427216529846, 0.47988423705101013, 0.5203942656517029, 0.7085902690887451, 0.4740225374698639, 0.07511250674724579]}