{"accuracy": [0.7601810097694397, 0.875, 0.9441964030265808, 0.8571428656578064, 0.9698340892791748, 0.96875, 0.9751130938529968, 0.96875, 0.9864253401756287, 1.0], "loss": [0.6165741086006165, 0.2991345524787903, 0.16171185672283173, 0.31195738911628723, 0.09442190825939178, 0.08823172003030777, 0.08194789290428162, 0.11640538275241852, 0.049191057682037354, 0.03747302666306496], "val_accuracy": [0.9635416865348816, 1.0, 0.9895833134651184, 0.8333333134651184, 0.9791666865348816, 1.0, 0.9791666865348816, 1.0, 0.9791666865348816, 1.0], "val_loss": [0.14358606934547424, 0.1284312754869461, 0.06940996646881104, 0.29108718037605286, 0.056865256279706955, 0.01841127686202526, 0.05082855746150017, 0.007551800459623337, 0.055859923362731934, 0.0007140261586755514]}