{"accuracy": [0.4879336357116699, 0.8125, 0.7707390785217285, 0.875, 0.8325791954994202, 0.875, 0.8604826331138611, 0.96875, 0.8733031749725342, 0.96875], "loss": [1.3040000200271606, 0.8868436217308044, 0.7641828656196594, 0.5765818953514099, 0.5689512491226196, 0.4702383577823639, 0.46916431188583374, 0.33941221237182617, 0.4196131229400635, 0.27274829149246216], "val_accuracy": [0.765625, 0.6666666865348816, 0.8697916865348816, 0.6666666865348816, 0.9166666865348816, 0.6666666865348816, 0.890625, 1.0, 0.921875, 1.0], "val_loss": [0.9083163142204285, 0.7923395037651062, 0.599931538105011, 0.7408239841461182, 0.46580448746681213, 0.7443242073059082, 0.40966227650642395, 0.3263980746269226, 0.35667046904563904, 0.283378928899765]}